INSERT INTO CUSTOMER_DETAILS VALUES('F1234554', 'KEERTHIKUMAR',NULL,'RAVICHANDRAN','4696004267', 'keerthi@gmail.com','700 CAMPBELL RD','RICHARDSON','TEXAS',75080,'M','M1001');
INSERT INTO CUSTOMER_DETAILS VALUES('F9764521', 'NIVEDITHA',NULL,'VARADHA CHANDRASEKARAN','4696478596', 'nivi07@gmail.com','800 RENNER RD','RICHARDSON','TEXAS',75080,'M','M1002');
INSERT INTO CUSTOMER_DETAILS VALUES('F2345611', 'SURESH','KUMAR','GOPALAKRISHNAN','8189187546', 'suresh2234@gmail.com','6547 CANOGA AVE','CANOGA PARK','CALIFORNIA',91303,'N',NULL);
INSERT INTO CUSTOMER_DETAILS VALUES('R8763578', 'MARK',NULL,'HUFF','7345678902', 'markhuff@gmail.com','1445 ROSS AVE','DALLAS','TEXAS',75202,'N',NULL);
INSERT INTO CUSTOMER_DETAILS VALUES('I3478953', 'MARK','S','TOWNSEND','9872563478', 'markstown@gmail.com','7825 MCCALLUM BLVD','DALLAS','TEXAS',75252,'M','M1003');
INSERT INTO CUSTOMER_DETAILS VALUES('E7521097', 'MITA',NULL,'RANA','9098123429', 'mitarana@gmail.com','367 MEANDERING WAY','HOUSTON','TEXAS',76245,'N',NULL);
INSERT INTO CUSTOMER_DETAILS VALUES('T0981237', 'DANISH',NULL,'HASSAN','6712890345', 'danishhasan@gmail.com','888 PRESTON ROAD','DULLES','VIRGINIA',92367,'M','M1004');
INSERT INTO CUSTOMER_DETAILS VALUES('F0091266', 'MIKE',NULL,'BOYEAR','7892340918', 'mikeboy@gmail.com','1007 DALLAS PARKWAY','DALLAS','TEXAS',72212,'N',NULL);
INSERT INTO CUSTOMER_DETAILS VALUES('P1234567', 'CHRIS',NULL,'ALEXANDER','9902489', 'chrisalex@gmail.com','2256 WALL STREET','NEWARK','NEW JERSEY',65289,'M','M1005');
INSERT INTO CUSTOMER_DETAILS VALUES('V5690245', 'VELA','R','REYNALDO','9908762514', 'reyvela@gmail.com','0099 ALMA ROAD','DULLES','VIRGINIA',97325,'N',NULL);


INSERT INTO BIKE_CATEGORY VALUES('Scooter',2,5,30,0.9);
INSERT INTO BIKE_CATEGORY VALUES('Sport bike',3,5,32,0.96);
INSERT INTO BIKE_CATEGORY VALUES('Cruiser',3,5,35,1.05);
INSERT INTO BIKE_CATEGORY VALUES('Adventure tourer',3,5,38,1.14);
INSERT INTO BIKE_CATEGORY VALUES('Dirt bike',4,5,40,1.2);
INSERT INTO BIKE_CATEGORY VALUES('LUXURY BIKE',5,5,75,2.25);
INSERT INTO BIKE_CATEGORY VALUES('Cruiser Elite',2,5,36,1.08);
INSERT INTO BIKE_CATEGORY VALUES('mini bike',5,7,70,2.1);


INSERT INTO LOCATION_DETAILS VALUES('L101','DALLAS LOVE FIELD AIRPORT','Herb Kelleher Way','Dallas','Texas',75235);
INSERT INTO LOCATION_DETAILS VALUES('L102','LOS ANGELES INTL AIRPORT','World Way','Los Angeles','California',90045);
INSERT INTO LOCATION_DETAILS VALUES('L103','DALLAS/ FORT WORTH INTL AIRPORT','International Pkwy','DFW Airport','Texas',75261);
INSERT INTO LOCATION_DETAILS VALUES('L104','WEST HOUSTON AIRPORT','Groschke Rd','Houston','Texas',77094);
INSERT INTO LOCATION_DETAILS VALUES('L105','WASHINGTON DULLES INTL AIRPORT','Saarinen Cir','Dulles','Virginia',20226);
INSERT INTO LOCATION_DETAILS VALUES('L106','NEWARK LIBERTY INTL AIRPORT','Brewster Rd','Newark','New Jersey',07114);
INSERT INTO LOCATION_DETAILS VALUES('L107','SALT LAKE CITY INTL AIRPORT','N Terminal Dr','Salt Lake City','Utah',84122);


INSERT INTO BIKE VALUES('ABX1234','ACTIVA','HONDA',2014,10000,'Scooter','L101','A');
INSERT INTO BIKE VALUES('SDF4567','VXL','VESPA',2015,15000,'Scooter','L102','N');
INSERT INTO BIKE VALUES('WER3245','ACCENT','TVS',2014,12356,'Scooter','L103','A');
INSERT INTO BIKE VALUES('GLZ2376','COROLLA','BAJAJ',2022,5000,'Scooter','L104','A');
INSERT INTO BIKE VALUES('HJK1234','ACTIVA','HONDA',2015,20145,'Scooter','L102','N');
INSERT INTO BIKE VALUES('GLS7625','FOCUS','VESPA',2014,12000,'Sport bike','L107','A');
INSERT INTO BIKE VALUES('FKD8202','GOLF','DUCATI',2022,9000,'Sport bike','L106','A');
INSERT INTO BIKE VALUES('HNX1890','PRIUS','BAJAJ',2015,15690,'Sport bike','L105','N');
INSERT INTO BIKE VALUES('KJS1983','PRIUS','BAJAJ',2014,20900,'Sport bike','L104','A');
INSERT INTO BIKE VALUES('SDL9356','FOCUS','VESPA',2022,10009,'Sport bike','L103','A');
INSERT INTO BIKE VALUES('OTY7293','CRUZE','ROYAL ENFIELD',2022,17800,'Cruiser','L102','A');
INSERT INTO BIKE VALUES('QWE4562','LEGACY','HARLEY',2012,13420,'Cruiser','L101','A');
INSERT INTO BIKE VALUES('CXZ2356','AVENGER','DODGE',2015,5000,'Cruiser','L102','A');
INSERT INTO BIKE VALUES('ASD9090','ACCORD','HONDA',2022,200,'Cruiser','L103','A');
INSERT INTO BIKE VALUES('UYT3981','LEGACY','HARLEY',2013,22750,'Cruiser','L104','A');
INSERT INTO BIKE VALUES('TRE9726','200','KTM',2012,14320,'Adventure tourer','L105','A');
INSERT INTO BIKE VALUES('HGF5628','TAURUS','VESPA',2013,15540,'Adventure tourer','L106','A');
INSERT INTO BIKE VALUES('LKJ7253','200','KTM',2014,22300,'Adventure tourer','L107','A');
INSERT INTO BIKE VALUES('VBN6283','TAURUS','VESPA',2015,17500,'Adventure tourer','L101','A');
INSERT INTO BIKE VALUES('POI7281','200','KTM',2022,18830,'Adventure tourer','L102','N');
INSERT INTO BIKE VALUES('MNB8654','FALCON','VESPA',2012,10900,'Dirt bike','L103','A');
INSERT INTO BIKE VALUES('UHV9786','IMPALA','ROYAL ENFIELD',2013,11500,'Dirt bike','L104','A');
INSERT INTO BIKE VALUES('EFB5427','WAYFARER','VESPA',2014,14350,'Dirt bike','L105','A');
INSERT INTO BIKE VALUES('PLM9873','IMPALA','ROYAL ENFIELD',2015,18900,'Dirt bike','L106','A');
INSERT INTO BIKE VALUES('WDV2458','FALCON','VESPA',2022,5600,'Dirt bike','L107','A');
INSERT INTO BIKE VALUES('QSC8709','MKZ','HAYABUSA',2012,18700,'LUXURY BIKE','L101','A');
INSERT INTO BIKE VALUES('TGB8961','GENESIS','TVS',2013,17620,'LUXURY BIKE','L102','A');
INSERT INTO BIKE VALUES('MKU0172','TLX','ACURA',2014,12345,'LUXURY BIKE','L103','A');
INSERT INTO BIKE VALUES('CFT1908','328I','BMW',2015,10800,'LUXURY BIKE','L104','A');
INSERT INTO BIKE VALUES('WHM7619','AVALON','BAJAJ',2022,7800,'LUXURY BIKE','L105','A');
INSERT INTO BIKE VALUES('WLZ8955','ESCAPE','VESPA',2012,19800,'Cruiser Elite','L106','A');
INSERT INTO BIKE VALUES('QIO7621','EQUINOX','ROYAL ENFIELD',2013,17560,'Cruiser Elite','L107','A');
INSERT INTO BIKE VALUES('YSN1927','PATHFINDER','AVENGER',2014,14390,'Cruiser Elite','L101','A');
INSERT INTO BIKE VALUES('EDM8610','GLA','HARLEY',2015,12900,'Cruiser Elite','L102','A');
INSERT INTO BIKE VALUES('AHK7325','RAV4','BAJAJ',2022,3400,'Cruiser Elite','L103','A');
INSERT INTO BIKE VALUES('SHK7767','QUEST','AVENGER',2012,23478,'mini bike','L107','A');
INSERT INTO BIKE VALUES('JSL7920','ODYSSEY','HONDA',2013,19320,'mini bike','L106','A');
INSERT INTO BIKE VALUES('PAJ5289','GRAND BIKEAVAN','DODGE',2014,23478,'mini bike','L105','A');
INSERT INTO BIKE VALUES('TSJ6290','QUEST','AVENGER',2015,13200,'mini bike','L104','A');
INSERT INTO BIKE VALUES('MWO9296','ODYSSEY','HONDA',2022,2300,'mini bike','L103','A');



INSERT INTO DISCOUNT_DETAILS VALUES ('D678','IBM CORPORATE','2018-01-25',25);
INSERT INTO DISCOUNT_DETAILS VALUES ('D234','CTS CORPORATE','2019-09-02',20);
INSERT INTO DISCOUNT_DETAILS VALUES ('D756','HOLIDAY SPECIAL','2017-10-29',10);
INSERT INTO DISCOUNT_DETAILS VALUES ('D109','WEEKLY RENTALS','2020-11-09',25);
INSERT INTO DISCOUNT_DETAILS VALUES ('D972','ONE WAY SPECIAL','2022-12-15',20);
INSERT INTO DISCOUNT_DETAILS VALUES ('D297','UPGRADE SPECIAL','2018-02-18',20);


INSERT INTO RENTAL_BIKE_INSURANCE VALUES('I201', 'COLLISION DAMAGE WAIVER', 'Covers theft and total damage to the rental BIKE',15);
INSERT INTO RENTAL_BIKE_INSURANCE VALUES('I202', 'SUPPLEMENTAL LIABILITY PROTECTION', 'Covers damage done to others',12);
INSERT INTO RENTAL_BIKE_INSURANCE VALUES('I203', 'PERSONAL ACCIDENT INSURANCE', 'Covers medical costs for driver and passengers',10);
INSERT INTO RENTAL_BIKE_INSURANCE VALUES('I204', 'PERSONAL EFFECTS COVERAGE', 'Covers theft of personal belongings',5);


INSERT INTO BOOKING_DETAILS VALUES('B1001','2022-01-20 10:00:00','2022-01-25 10:00:00',150,'R','L101','L101','ABX1234','F12345546',NULL,'2022-01-25 10:00:00','D756');
INSERT INTO BOOKING_DETAILS VALUES('B1002','2022-01-21 11:00:00','2022-01-24 10:00:00',90,'C','L102','L102','SDF4567','T0981237',NULL,NULL,NULL);
INSERT INTO BOOKING_DETAILS VALUES('B1003','2022-02-10 13:00:00','2022-01-15 13:00:00' ,450,'R','L101','L101','QSC8709','R8763578','I201','2022-01-15 13:00:00',NULL);
INSERT INTO BOOKING_DETAILS VALUES('B1004','2022-04-24 13:00:00','2022-04-25 20:30:00',48,'R','L106','L106','WLZ8955','F0091266','I202','2022-04-23 20:30:00' ,'D234');
INSERT INTO BOOKING_DETAILS VALUES('B1005','2022-04-18 09:00:00','2022-04-25 09:00:00' ,266,'B','L102','L106','POI7281','P1234567',NULL,NULL,'D972');
INSERT INTO BOOKING_DETAILS VALUES('B1006','2022-04-21 17:00:00','2022-04-25 17:00:00' ,228,'B','L105','L107','HNX1890','V5690245','I203',NULL,'D234');
INSERT INTO BOOKING_DETAILS VALUES('B1007','2022-04-22 08:00:00' ,'2022-04-25 17:00:00',405,'B','L102','L102','SDF4567','I3478953','I201',NULL,'D756');
INSERT INTO BOOKING_DETAILS VALUES('B1008','2022-04-11 08:00:00' ,'2022-04-25 17:00:00' ,630,'B','L102','L102','HJK1234','T0981237','I201',NULL,'D756');

INSERT INTO BILLING_DETAILS VALUES('BL1001','2022-01-25','P',24.36 ,138.03,0 ,'B1001','N');
INSERT INTO BILLING_DETAILS VALUES('BL1002','2022-01-15','P',0 ,487.13 ,0 ,'B1003','N');
INSERT INTO BILLING_DETAILS VALUES('BL1003','2022-04-24','P',10.39 ,41.57 ,0,'B1004','N');
